content,label
" great part-time summer job ! * * * * * * * * * * * * * * * display boxes credit applications need place small owner-operated stores area . here is : 1 . introduce yourself store owner manager . 2 . our 90 % effective script tells little display box save customers hundreds dollars , drawing card business , $ 5 . 00 $ 15 . 00 every app sent . 3 . spot counter , place box , nothing need done , need is name address company send commission checks . compensaation $ 10 every box place . becoming representative earn commission $ 10 each application came store . is course much profitable plan , pay months years small effort . call 1-888 - 703-5390 code 3 24 hours receive details ! ! * * * * * * * * * * * * * * * * * * * * * * * * * * * * * * * * * * * * * * * * * * * * * * * * * * * * * * * * * * * * * * * * * * * * * * * * * * * * * * * * * * * * * * * * * * * * * * * * * * * * * * * * * * * * * * * * * * * * * * * * * * * * * * * * * * * * * * * * * * * * * * * * * * * * * * * * * * * * * * * * * * * * * * * * * * * * * * * * * * * * * * * removed our mailing list , type : b2998 @ hotmail . com ( : ) area ( remove ) subject area e - mail send . * * * * * * * * * * * * * * * * * * * * * * * * * * * * * * * * * * * * * * * * * * * * * * * * * * * * * * * * * * * * * * * * * * * * * * * * * * * * * * * * * * * * * * * * * * * * * * * * * * * * * * * * * * * * * * * * * * * * * * * * * * * * * * * * * * * * ",0
" auto insurance rates too high ? dear nlpeople , ' m sure ' ll agree auto insurance costs too much . even driving record , "" routine "" rate increases drive costs through roof . discovered many sign excellent company gives amazingly low rates . are half most rates ' ve found shopping around insurance southern california . most either qualify friend qualifies love . n't qualify , another company operates several western states is cheaper many companies claim "" lowest rates available . "" send $ 2 cash : pva 1257 n kenmore ave # 2 los angeles , ca 90029 fold piece paper e - mail address rush information right away . prefer hardcopy printout , enclose self-addressed , stamped envelope . p . s . bonus include two mechanic 's tips save lots certain common repair job , quick easy check general condition engine . n't found repair manuals books before . are great home mechanics ! ",0
" advertsing ? legal ! ! offer smtp ! ! ! ! great news advertisers bulkers ! ! ! ! our server send own mail ! ! ! ! ! never loose dial again ! ! ! never relay steal services again ! ! ! between 100k 200k hour ! ! our bandwidth ! ! $ 250 . 00 month $ 250 . 00 setup * * are company offering service today , here years . ask our customers ! ! * * 9 spots open ! ! ! ! * * express mail server * * special * * $ 150 . 00 * * call 1-800 - 298-7863 order demo today ! ! mail programs fresh 20 million + email addresses cd $ 90 . 00 3 stealth mass mailers unlock codes $ 250 . 00 gold rush $ 300 . 00 email adressee extractor $ 100 . 00 caller id $ 100 . 00 bulk mate list manager $ 129 . 00 desk top server 98 $ 300 . 00 mx lookup $ 185 . 00 much bulk friendly web hosting foreign backbone $ 150 . 00 month , 2 page bulk friendly web hosting $ 100 . 00 month , call great rate 8 . 9 cents long distance , even 800 / 888 numbers ! ! 14 . 9 cents minute calling cards ( prepaid ) earn money too ! ! ! 800 voice mail unlimited calls , $ 60 . 00 month ! ! ! ! ! please leave information item are calling . thank . need advertise product service ? ! ! are already paying someone , call us bet beat . our fees usually start $ 395 . 00 1 . 2 million , even lower rates . advertise products services ! ! ! ! please call us rates ! ! ! ! ! excellant rates ! ! ! ! worldwide marketing inc , 3807 n oak dr tampa , fl 33611 1-888 - 398-9866 please leave message ! ! ! 7 om ",0
" free trial membership latest adult technology ! ! ! brand xxx adult site free trial membership please visit latest live video conferencing . 1000 channels hardcore ! ! live rooms ! ! ! young dancers ! ! ! large picture gallery ! thousands pictures ! ! visit our site great experience . http : / / www . sexxxybodies . com # # # # # # # # # # # # # # # # # # # # # # # # # # # # # # # # # # # # # # # # # # # # # # # # message is sent compliance e-mail bill : section 301 * # # # # # # # # # # # # # # # # # # # # # # # # # # # # # # # # # # # # # # # # # # # # # # # # # # # # # # # # # # # # # # # # # # # # # # # # # # # # # # # # # # # # # # # # # # # # # * "" per section 301 , paragraph ( ) ( 2 ) ( c ) s . 1618 , further transmissions sender email stopped cost sending reply email address word "" remove "" subject line . "" # # # # # # # # # # # # # # # # # # # # # # # # # # # # # # # # # # # # # # # # # # # # # * * * * * * * * * * * * * * * * * * * * * * * * * * * * * * * * * * * * * * * * * * * * * * * * * * * * * * * * * * * * * * * * * * * * * * * * * * * * * * * * oa nuko64 @ msn . com ",0
" market millions , try free message complies proposed united states federal requirements commercial email bill , s . 1618 section 301 . additional info : http : / / thomas . loc . gov / , search "" s . 1618 . es "" section 301 . required sender information : networks internet tools , waterford , wi , 534-7409 per section 301 , paragraph ( ) ( 2 ) ( c ) s . 1618 , further transmissions sender email stopped cost replying message subject "" remove "" - - - - - - - - - - - - - - - - - - - - - - dear fellow entrepreneur , recent posting presence certain areas web lead believe interested promoting product service internet . need proper tools . fingertips power reach tens millions . advantage unwise . proper software assist taking online business venture unbelievable level success targeting reaching vast audience . does much set storefront internet selection items help : http : / / net-tools . net try software evaluation basis . thank luck venture . best regards , sales @ net-tools . net http : / / net-tools . net * * * * * * * * * * * * * * * * * * remove requests * * * * * * * * * * * * * * * * * * * ` \ | | | / wishing best ! ( @ @ ) ooo _ ( _ ) _ ooo _ _ _ _ _ _ _ _ _ _ _ _ _ _ _ _ _ _ _ _ _ _ _ _ _ _ _ _ _ _ _ _ _ _ _ _ _ | _ _ _ _ _ | _ _ _ _ _ | _ _ _ _ _ | _ _ _ _ _ | _ _ _ _ _ | _ _ _ _ _ | _ _ _ _ _ | _ _ _ | _ _ _ _ | _ _ _ _ _ | _ _ _ _ _ | _ _ _ _ _ | _ _ _ _ _ | _ _ _ _ _ | _ _ _ _ _ | _ _ _ _ _ _ _ _ _ | _ _ _ _ _ please pardon intrusion _ | _ _ _ _ | _ _ _ _ _ removed reply subject : "" remove "" permanently removed future mailings . ",0
" lists software worldwide order form : addresses are fresh cleaned against international remove lists best results minimum irritation those wish recieve unsolicited mail . discs details web sites usefull mailing programs related products available net . many mailer programs bypass isp send mail direct recipient dont need expensive "" bulk-friendly "" isp . disc supplied free mailing program , best started dont one . prices are quoted uk pound sterling / us dollars are fully inclusive postage packing 1 , 000 , 000 email addresses @ 15 / $ 35 [ ] 2 , 000 , 000 email addresses @ 29 / $ 59 [ ] 3 , 000 , 000 email addresses @ 42 / $ 80 [ ] 4 , 000 , 000 email addresses @ 54 / $ 102 [ ] 5 , 000 , 000 email addresses @ 65 / $ 120 [ ] 6 , 000 , 000 email addresses @ 75 / $ 137 [ ] 7 , 000 , 000 email addresses @ 84 / $ 152 [ ] 8 , 000 , 000 email addresses @ 92 / $ 163 [ ] 9 , 000 , 000 email addresses @ 99 / $ 178 [ ] cd [ ] . zip files email [ ] email address lists are sent text documents cd email . zip files opened most word processing packages imported most data bases bulk email software . order outside uk send either cheques own currency ( amount calcuated prices us dollars pound sterling , are unsure work exchange rates bank work ask . need ask $ xx dollars is currency send much ) order tick number addresses wish purchase tick disc type wish receive . fill details below post order together payment ( cheques own currency us dollar travellers cheques please ) made payable prophoto : prophoto mail , po box 447 , doman road , camberley , surrey , england gu15 3xd . email addresses dispatched soon payment has cleared ( normally 5 days ) . name : _ _ _ _ _ _ _ _ _ _ _ _ _ _ _ _ _ _ _ _ _ _ _ _ _ _ address : _ _ _ _ _ _ _ _ _ _ _ _ _ _ _ _ _ _ _ _ _ _ _ _ _ _ _ _ _ _ _ _ _ _ _ _ _ _ _ _ _ _ _ _ _ _ _ _ _ _ _ _ _ _ _ _ _ _ _ _ _ _ _ _ _ _ _ _ _ _ _ _ _ _ _ _ _ _ _ _ _ _ _ _ _ _ _ _ _ _ _ _ _ _ _ _ _ _ _ _ _ _ _ _ _ _ _ _ _ _ _ _ _ _ _ _ _ _ country : _ _ _ _ _ _ _ _ _ _ _ _ _ _ _ _ _ _ _ _ _ _ _ _ post / zip code : _ _ _ _ _ _ _ _ _ _ _ _ _ _ _ _ _ _ _ _ email address : _ _ _ _ _ _ _ _ _ _ _ _ _ _ _ _ _ _ _ enclose cheque value ( enter amount ) _ _ _ _ _ _ _ _ _ _ _ _ _ _ _ _ _ _ _ _ _ _ _ _ currency is payment ? ( country / currency ) _ _ _ _ _ _ _ _ _ _ _ _ _ _ _ _ _ _ _ _ puchased date : 1xt ",0
 zero down internet opportunity ! $ 0 down internet opportunity * complete computer system * e - com web site package * tutorials - ' ll teach * earn big while learn info : 520-615 - 3253 ,0
" re : free ! hello , are offering fantastic 100 % free access most famous adult site world . visit url free access . bullshit . ! ! ! http : / / www . sexplosion . com / / thepussy / are able access , try our mirror site : http : / / www . geocities . com / southbeach / island / 2325 / fun . pussyman . ",0
"  comes porn , site does n't mess around . dish mouthful , quick easy . dive 700 + xxx - rated strip shows video feeds plus thousands pics including teens , orgies , asians , amateurs , exclusive photo shoots , . try our ' cyberfolds ' section where massage girl live screen watch hidden peep cam ! want try , 's worth , signup entire week $ 3 . 95 . link below http : / / 209 . 125 . 202 . 39 / a001 / index . html over 18 ' s access site ",0
" even steal identity ! are being investigated ? has personal credit information been stolen ? has someone assumed identity ? locate old friend , relative , military buddy sweetheart ? want person 's assets collect debt judgement ? check person 's criminal record before renting space giving employment ? fix credit bureau report , create identity even disappear ? are going surgery ? many malpractice suits been filed against doctor ? learn plus much , much our brand 45 page report "" internet sleuth "" ! learn internet tools resources are used investigate , relatives , friends , neighbors , enemies , employees anyone else ! thousands internet locations , credit , social security , current past employment , driving records , criminal records , medical information , military records , addresses , phone numbers , immigration , divorce , labor criminal laws ! sources missing children parents , hazardous waste sites , freedom information act information searches , skip tracing backround checks prospective dates , brides grooms , employees , renters , vendors , clients competitors ! learn where surveillance spy devices , private mail forwarding annonymous email forwarding sites , search copyrights , patents court cases assets untraceable ! show copies credit reports , adoption databases , information drugs , poisons share government programs benefits ! information using internet search engines ? answer is maybe lucky want spend many hours going through 25 , 000 plus hits per subject ! our staff spent hundreds hours many thousands dollars compiling information ! silver platter less twenty bucks during special email promotion ! frequently hear over media , television , radio , newspapers , personal information is being used , traded sold over internet . . . usually without permission knowledge . our report show is done ! ! ! old romantic flame . . . telephone , address email information almost anyone . . . even unlisted phone numbers ? family "" tree "" ? teach turn years work hours fun ! military ? check army , navy , air force marine records . extensive vietnamese war records , mia info , much ! looking job ? job are seeking . . . even another state another country ! teach ! looking love interest spouse even sex partner ? show where fast results ! want up-to - the-minute health medical information ? learn cure fears phoebias , latest drugs treatments almost ailment desease drug companies themselves universities center desease control . want learn most effective loose weight ? 's here our report ! believe information compiled available compile without knowledge permission must order "" internet sleuth report "" immediately ! our "" internet sleuth report "" is normally sold direct mail $ 39 . 95 soon book stores $ 29 . 95 . however , generate publicity "" word "" are making 10 day email special offer our complete 45 page report $ 19 . 95 plus $ 3 shipping handling [ total $ 22 . 95 ] . sold our 10 day money back guarantee ! is biggest bargain internet information great power ! really change life positive . order ! complete 45 page "" internet sleuth report "" $ 19 . 95 plus $ 3 shipping handling - total $ 22 . 95 . shipped plain wrapper first class mail . add $ 5 priority mail delivery . add $ 20 overnight express ! accept visa , mastercard , american express discover . accept check phone fax . order phone 9 am 10 pm [ ny ] phoning [ 718 ] 287-3800 order fax 24 hours per day phoning our fax line [ 718 ] 462-5920 . fax credit card information check email order - hit reply keyboard send email our special email address below : bernadette38 @ juno . com [ note : order email receive email confirmation within 24 hours , please phone our office 718-287 - 3800 ] order mail sending $ 22 . 95 cash , check , money order major credit card [ visa , mastercard , american express discover ] tcps , inc . 4718 18th ave . suite 135 brooklyn , ny 11204 checks & money orders payable tcps , inc . york state residents please add $ 1 . 70 sales tax following order form is convenience ! mail , fax email ! . . . . . . . . . . . . . . . . . . . . . . . . . . . . . . . . . . . . . . . . . . . . . . . . . . . . . . . . . . . . . . . . . . . . . . . . . . . . . . . . . . . . . . . . . . . . . . . . . . . . . . . . . . . . . please ship _ _ _ _ _ _ _ _ copies internet sleuth report $ 19 . 95 each plus $ 3 . 00 shipping handling [ $ 22 . 95 ] signature _ _ _ _ _ _ _ _ _ _ _ _ _ _ _ _ _ _ _ _ _ _ _ _ _ _ _ _ _ _ _ _ _ _ _ _ _ _ _ _ _ _ _ _ _ _ credit card # _ _ _ _ _ _ _ _ _ _ _ _ _ _ _ _ _ _ _ _ _ _ _ _ _ _ _ _ exp date _ _ _ _ _ _ ship : name _ _ _ _ _ _ _ _ _ _ _ _ _ _ _ _ _ _ _ _ _ _ _ _ _ _ _ _ _ _ _ _ _ _ _ _ _ _ _ _ _ address _ _ _ _ _ _ _ _ _ _ _ _ _ _ _ _ _ _ _ _ _ _ _ _ _ _ _ _ _ _ _ _ _ _ _ _ _ _ _ _ _ _ _ _ _ _ _ _ city _ _ _ _ _ _ _ _ _ _ _ _ _ _ _ _ _ _ _ _ _ _ _ _ state _ _ _ _ _ _ _ _ _ _ _ zip _ _ _ _ _ _ _ _ area code home phone [ ] _ _ _ _ _ _ _ _ _ _ _ _ _ _ _ _ _ _ _ _ _ _ _ _ _ _ _ fax # [ ] _ _ _ _ _ _ _ _ _ _ _ _ _ _ _ _ _ _ _ _ _ _ _ _ _ _ _ _ _ _ _ _ _ _ _ _ _ _ _ _ _ _ _ _ _ _ email address _ _ _ _ _ _ _ _ _ _ _ _ _ _ _ _ _ _ _ _ _ _ _ _ _ _ _ _ _ _ _ _ _ _ _ _ _ _ _ _ _ _ _ remove name our mailing list , send us email remove subject line . is one offer hear us again ! tcps , inc . , 4718 18th ave . , suite 135 , brooklyn , ny 11204 office [ 718 ] 287-3800 fax [ 718 ] 462-5920 24 hours [ 9am 10pm ny ] [ c ] copyright 1998 tcps , inc . rights reserved . ",0
 wanted ! home product assemblers ! looking home product assemblers ! ! assemble products home & paid ! choose own hours ! own boss ! easy work ! excellent pay ! earn hundreds dollars weekly ! here are few examples work choose : wooden products - $ 220 . 00 weekly ! hair accessories - $ 320 . 00 weekly ! holiday crafts - $ 270 . 00 weekly ! beaded accessories - $ 350 . 00 weekly ! . . . . . . . plus many others . are over 75 companies choose ! why enjoy benefits freedom home assembly work ! call . . . . . toll free ( 24 hour recording ) 1-800 - 600-0343 office extension # 2425 . usa publishing co . p . o . box 8950 rocky mount nc 27804 name _ _ _ _ _ _ _ _ _ _ _ _ _ _ _ _ _ _ _ _ _ _ _ _ _ _ _ _ _ _ _ _ _ _ _ _ _ _ _ _ _ _ _ address _ _ _ _ _ _ _ _ _ _ _ _ _ _ _ _ _ _ _ _ _ _ _ _ _ _ _ _ _ _ _ _ _ _ _ _ _ _ _ _ _ _ _ city & state _ _ _ _ _ _ _ _ _ _ _ _ _ _ _ _ _ _ _ _ _ _ _ _ _ _ _ _ _ _ _ _ _ _ _ _ _ _ _ _ _ _ _ q 04627caa ,0
" secrets noveau rich stumbled upon something real life changing ! work full part pace - - home office . mlm ' scam ' . job tour prospects through turnkey system utilizing strong support teams allow access understand powerful opportunities available through association . personal selling ! ! complete training team support is fingertips - - immediately ! $ 1 , 000 . 00 $ 5 , 000 . 00 per week is typical most associates within thirty days ! turnkey leads are available ! ! * * * * * * * * * * * * * * * * * * * * * * * * * * * * * * * * * * * * * * * * * * * * * * * * * * * * * * * * * * * * * * * * * * * * * * * * * * * * * * * * * * * * * * * * been looking home-based business opportunity , lucky day ! over twenty thousands individuals , like-minded entrepreneurs , intent upon making profits , within four years , turned one-time investment powerful money making operation ! many are making excess $ 50 , 000 . 00 per month . ask speak hear story ! growth progression within association allow travel exotic places , learn secrets wealthy - - money keep , hands-on education many wealth building opportunities . is right ? are ready ' roll sleeves work ? ' are click link below contact = = = = = = = = = = = = = = = = = = = = = = = = = = = = = = = = = = click here = = = = = = > > > click here put word "" succeed "" subject field plus information below click send . - - - - - - - - - - - - - - - - - - - - - - - - - - - - - - - - - - - - - - - - - - - - - - - - - - - - - - please include following : without information contacted - - - - - - - - - - - - - - - - - - - - - - - - - - - - - - - - - - - - - - - - - - - - - - - - - - - - - - name home work phone number best contact = = = = = = = = = = = = = = = = = = = = = = = = = = = = = = = = = = = = = = = = = = = = = = = = = = = = = = = = = = = = = remove mailing list click link below : click here put words "" remove "" subject field click send . ",0
" does debt-free sound ? sounds , help attain goal . qualifying being debt-free is fingertips are long distance calls travel plans arrange . american capital save huge amount money monthly payments taxes , cost . free loan evaluation : http : / / 208 . 26 . 207 . 79 / moneyhelp / 175 . html are american capital mortgage services , specialize helping homeowners establish one easy low monthly payment added benefit needing equity home . american capital is constantly working lenders throughout u . s . provide best interest rate possible . number different companies work is cost ever . are simply referral agency . lose , why shot better situation save yourself hundreds per month . cash pocket usually within 7-14 days . did loan is tax deductible ? ask is name , address , phone number e-mail address . rest is optional . representative personally call answer detailed questions . free loan evaluation please , visit our website clicking here : http : / / 208 . 26 . 207 . 79 / moneyhelp / 175 . html type : http : / / 208 . 26 . 207 . 79 / moneyhelp / 175 . html browser . put us test . help . kindest regards * * * * * * * * * * * * * * * * * * * * * * * * * * * * * * * * * * * * * * * * * * * * * * * * * * * * * * * * * * * * * * * * * * * * * * * * * * * * * message complies proposed united states federal requirements commercial email washington state commercial email bill . additional information : http : / / www . senate . gov / ~ murkowski / commercialemail / emailamendtext . html washington state commercial email bill : http : / / ww . wa . gov / wwweb / ago / junkemail / required sender information : american capital ft . thomas , ky 41075 thall14 @ sprynet . com 1-212 - 796-6549 wish removed mailing list , : http : / / www . remove-list . com ",0
" ` hello ! our naughty little city made especially adults http : / / 208 . 26 . 207 . 98 / freeweek / enter . html once here , won't want leave ! ",0
" attract women ! ! ( 30740 ) attract women ! ! ! nature 's secret weapon . . . . pheromones invisible , odorless , undetectable , unknowingly inhaled adult woman , androstenone pheromone concentrate unblocks restraints unleashes raw animal sex drive ! scientists isolated natural human male pheromone attractants are available , legally , u . s . ! power androstenone has been featured hardcopy , 20 / 20 , dateline , articles penthouse , playboy , chic , swank , vogue , omni , discovery numerous medical journals , television shows newspapers n . y . times l . . times . five years , been researching marketing pheromone products . sold thousands bottles . receive letters praise daily , men across country ! every wear androstenone pheromone concentrate , send natural chemical signal sex appeal women compel towards , irresistible why . attract women : pheromones miraculously increase sexual attractiveness women . allow meet women ever imagined ! even after small application androstenone pheromone concentrate , notice women suddenly making eye contact , flirting , even walking introducing themselves ! arrouse spouse existing sexual partner : start passion between mate re-energize existing relationship ! androstenone rejuvenate passion ! pheromone stimulation restores attraction felt first met ! androstenone is known true male human pheromone tested showing positive vno response women , proven again attract women . limited , are offering one bottle androstenone pheromone concentrate $ 19 . 95 ! . . . thats right , $ 19 . 95 ! money back guarantee : n't immediately notice drastic increase amount women approaching , send remainder androstenone pheromone concentrate back full refund ! 1 bottle impulse . . . $ 19 . 95 buy 2 bottles receive 3rd bottle free ! orders shipped day are received . items are shipped discreet unmarked packaging . order check credit card ( credit card discreetly billed . ) , visit our website : http : / / 208 . 166 . 10 . 7 / thera / index . htm web access , place order sending check money order ( total amount + $ 4 . 95 s + h ) : amazing products , inc . 1334 e . chandler bl . # 5-a11 phoenix , az 85048 * * * * * * * * * * * * * * * * * * * * * * * * * * * * * 84822 ",0
" are serious . . . help retire 2 3 years ! is money why waste yours . . . . . . serious retiring 2 3 years money u need live life u always wanted yes , work hard help regardless ' re current age financial situation please are serious ( curious ) call number today 24 hour recorded message 1-800 - 995-0796 ext . 8511 c # ed ",0
" "" complete home business kit ! ! "" earn over $ 70 , 000 month own home based business legally pay little taxes ! ! is , repeat , is mlm chainletter junk ! ! ! friend ; those are strong words , . ' re making least tenth every month need pay attention important message ' m earning within next 90 days ! ! years spun wheels various home based business opportunities little success . few months ago finally found key making bundles money , right home , selling product everyone world needs wants . . . information ! ' m going help same listen learn over $ 70 , 000 month one hottest selling reports world today ! 1 ) set own home based business $ 50 . 00 ! 2 ) one fastest selling products world reproduce yourself pennies ! 3 ) show become self publisher & sell one most powerful & provocative reports ever written - right own home ! 4 ) let keep money selling product ! n't need spend thousands dollars , bear enormous risk work hundreds hours week start legitimate business home . matter hours start working home , kitchen table , making $ 50 $ 1 , 000 day ! ! here is need . . . # 1 . hottest selling publication world today called offshore special report number 5599 . # 2 . copy machine quick copy service duplicate ofs 's offshore special report . # 3 . quality mailing list local national publication run simple four line classified ad ! # 4 . mail box collect hundreds orders receiving everyday - six days week ! # 5 letter , obviously already , save . . _ _ _ _ _ _ _ _ _ _ _ _ _ _ _ _ _ _ _ _ _ _ _ _ _ _ _ _ _ _ _ _ _ _ _ _ _ _ _ _ _ _ _ _ _ _ _ _ _ _ _ _ _ _ _ _ _ _ _ _ _ _ _ _ _ _ _ _ _ _ key business success is product service everyone world needs wants . product inexpensive produce & easy ship . product ofs 's offshore special report number 5599 ! ! _ _ _ _ _ _ _ _ _ _ _ _ _ _ _ _ _ _ _ _ _ _ _ _ _ _ _ _ _ _ _ _ _ _ _ _ _ _ _ _ _ _ _ _ _ _ _ _ _ _ _ _ _ _ _ _ _ _ _ _ _ _ _ _ _ _ _ _ _ _ ofs 's offshore special report number 5599 change peoples lives throughout world showing save money removing themselves strict rules , regulations tax burdens government has imposed few years . brace yourself - most are taken aback am tell regarding ofs 's offshore special report number 5599 . ofs 's offshore special report number 5599 . . . unfair & discriminatory divorce settlements are made obsolete report ! ruthless creditors cringe read report ! blood sucking lawyers broke reading report ! heartless tax agencies red read report ! sneaky politicians information report everyday ! greedy banker does want read report ! report is blackballed most government agencies ! back stabbing relatives hate report ! learn & access . . . ways politicians & rich even richer using trusts same ! incorporate offshore - completely private away government 's regulations ! own secret offshore mailing address - one real address . offshore private checking account - deposit money pay bills offshore - paper trails . save 50 % printing & mail & sales material mailed jamaica - are mail order business ? here 's money saving opportunity one else offer ! offshore investors - viable funding project ? offshore tax havens - legally delay eliminate taxes - one knows - even government ! offshore ibc 's & trusts - asset protection creditors government ! offshore phone answering service - privacy - protection ! offshore self - liquidating loans - structured right , never needs paid back ! high yield offshore investment opportunities - rich 1 % 4 % week money - offshore tax free - same ! offshore visa card regardless credit - paper trails - works atm worldwide ! 100 % financing residential commercial property - hard place mortgage sources ! bill consolidation regardless credit rating - stop those harassing creditors within days using credit source ! lines credit $ 15 , 000 regardless credit - credit cards are major bankcards ! secret money - secrecy is thriving industry - access secret money sources ! _ _ _ _ _ _ _ _ _ _ _ _ _ _ _ _ _ _ _ _ _ _ _ _ _ _ _ _ _ _ _ _ _ _ _ _ _ _ _ _ _ _ _ _ _ _ _ _ _ _ _ _ _ _ _ _ _ _ _ _ _ _ _ _ _ _ _ _ _ _ valuable information report number 5599 , why 's hottest selling report world today ? information is accessible anywhere ! information found local library . is worth $ 50 . 00 - fact worth thousands dollars showing save hundred times amount taxes alone ! best deal is full reprints rights permission sell ofs 's offshore special report number 5599 . keep money ! _ _ _ _ _ _ _ _ _ _ _ _ _ _ _ _ _ _ _ _ _ _ _ _ _ _ _ _ _ _ _ _ _ _ _ _ _ _ _ _ _ _ _ _ _ _ _ _ _ _ _ _ _ _ _ _ _ _ _ _ _ _ _ _ _ _ _ _ _ _ information is perfect product . 's easy reproduce , easy ship easy sell especially 's powerful report # 5599 . market is unlimited sell report # 5599 anyone , anyplace world . potential is unlimited are billions throughout world need report # 5599 are being introduced report # 5599 minute . everyone . . . mean everyone needs report # 5599 . . . . j . o . b . "" month money "" - "" over broke "" ! ! are self-employed - paying "" self employment tax "" are prime candidates law suits every direction ! are sick tired frivolous law suits - did u . s . are 2 . 67 lawyers every 1 , 000 ? most lawyers are hungry need sue someone reason survive ! professional doctors , engineers , technicians , architects , stock - brokers , accountants , yes even lawyers ! - those higher average tax brakets ! are getting married are married plan living happily ever after - back reality - u . s . has divorce rate exceeds 60 % every ! partners want sure partnership is true 50-50 deal future ! live country has strict rules regulations limiting where run business manage money ! are retired mercy governments ' rules concerning social security income medical benefits ! want retire cannot afford lack income rules forced upon government restricting receiving decent income ! are high audit risks been audited governments ' dictatorial tax agency - "" guilty until proven innocent "" ! are paying government 40 % 60 % taxes are sick tired doing ! are close bankruptcy need solution soon possible - 20 % 40 % united states are paycheck away bankruptcy - yes those ! want sure children receive 100 % inheritance without government stealing away ! need credit been turned down through traditional sources , local friendly bank ! want keep business personal affairs private - hard day age computers ! dream financial independence want thousands day running own home based business ! must agree is tremendous market throughout world ; are breathing paying taxes are prime candidates report # 5599 ! _ _ _ _ _ _ _ _ _ _ _ _ _ _ _ _ _ _ _ _ _ _ _ _ _ _ _ _ _ _ _ _ _ _ _ _ _ _ _ _ _ _ _ _ _ _ _ _ _ _ _ _ _ _ _ _ _ _ _ _ _ _ _ _ _ _ _ _ since determined entire world is prime candidate report # 5599 let show easy is sell report # 5599 working kitchen table ! _ _ _ _ _ _ _ _ _ _ _ _ _ _ _ _ _ _ _ _ _ _ _ _ _ _ _ _ _ _ _ _ _ _ _ _ _ _ _ _ _ _ _ _ _ _ _ _ _ _ _ _ _ _ _ _ _ _ _ _ _ _ _ _ _ _ _ _ _ _ hold ! ! rude ! been talking beginning email , without officially introducing myself ! let officially introduce myself - ' m one several ofs independent associates making five digits every month ! ' ll sponsor - ' m person pay $ 50 . 00 receive report # 5599 ! ' m person change life forever ! ' m person wants succeed succeed - succeed ! want sure succeed sell hundreds , even thousands reports every week . sell money ! ' true keep $ 50 . 00 sell report . pay nothing initial $ 50 . 00 report - one single dollar - keep . sell 10 reports week $ 500 - keep ! sell 100 reports week $ 5 , 000 - keep ! sell 500 reports week $ 25 , 000 - keep ! ! ! before tell why money every sell report , let show easy is advertise sell "" hottest selling report world "" - ofs 's offshore special report number 5599 ! . report has been designed self-contained marketing concepts sell report right inside . copy report # 5599 access following marketing strategies tools . . . sample proven classified ads place local national publications filthy rich ! powerful photo ready copy postcard put name & address $ 50 . 00 sent directly - automatically . show print mail postcard - first class - little twelve cents ( u . s ) each ! once send certificate registration report # 5599 receive . . . additional dynamite classified display ads generate hundreds , even thousands , responses guaranteed fill mail box $ 50 . 00 orders ! places advertise little seven cents ( u . s . ) per word reaching over 73 , 000 , 000 ! co-op advertising program sharing leads sales generated national television infomercials ! photo ready copy order pulling sales letter mail respondents ads ! duplicatable copy audio cassette tape order pulling sales letter ! _ _ _ _ _ _ _ _ _ _ _ _ _ _ _ _ _ _ _ _ _ _ _ _ _ _ _ _ _ _ _ _ _ _ _ _ _ _ _ _ _ _ _ _ _ _ _ _ _ _ _ _ _ _ _ _ _ _ _ _ _ _ _ _ _ _ _ _ _ _ become offshore broker money most dream helping others save money ! ofs 's offshore special report number 5599 has variety money making opportunities "" offshore broker "" is one ! _ _ _ _ _ _ _ _ _ _ _ _ _ _ _ _ _ _ _ _ _ _ _ _ _ _ _ _ _ _ _ _ _ _ _ _ _ _ _ _ _ _ _ _ _ _ _ _ _ _ _ _ _ _ _ _ _ _ _ _ _ _ _ _ _ _ _ _ _ _ ' m greedy - love money does & family ! person introduced report # 5599 opportunity over-rides every report # 5599 sell . , ' m happy making $ 50 . 00 report sold . retire near future , sit back receive hundreds , even thousands , dollars week past efforts selling report # 5599 . report # 5599 are additional money-making opportunities having establishing are called international business corporations , asset protection trusts ( among offshore business support services ) receive commissions over-rides having buying services whether personally sell myself sell through initial sale report # 5599 . 's why ' m interested success . want become millionaire selling thousands reports . here are few additional money making opportunities contained report # 5599 over-rides becoming "" offshore broker "" . . . = > first , $ 50 . 00 report # 5599 ( initally sold ) addition . . . = > $ 100 helping set offshore checking account ! = > $ 240 every international business corporation established ! = > $ 1 , 000 every trust set - domestic offshore ! = > $ 50 every self-liquidating loan manual sold ! = > $ 100 every offshore print & mail order ! = > $ 100 every offshore visa card established ! = > $ 100 everyone receives $ 15 , 000 unsecured line credit through major bank credit card ! = > feel really energetic set run trust agency area sell trusts ( somewhat insurance agency ) ! money-making potential is tremendous hiring several work area . ' m sponsor efforts selling report # 5599 , opportunity lifetime residuals efforts selling report # 5599 others ! ' m truly amazed marketing concept offered through ofs 's offshore special report number 5599 . concept is simple is completely duplicatable ! making sure thousands dollars week ' m going filthy stinking rich off success ! seems am bragging rubbing ' m going bundles money efforts 's true ! ! excited am report # 5599 allows duplicate efforts ! sell report others position - over-rides commissions talked - those sell report # 5599 ! _ _ _ _ _ _ _ _ _ _ _ _ _ _ _ _ _ _ _ _ _ _ _ _ _ _ _ _ _ _ _ _ _ _ _ _ _ _ _ _ _ _ _ _ _ _ _ _ _ _ _ _ _ _ _ _ _ _ _ _ _ _ _ _ _ _ _ _ _ _ following questions & answers are designed answer most concerns . enough information determine ofs 's offshore special report # 5599 is tool making thousands dollars week home based business . . . _ _ _ _ _ _ _ _ _ _ _ _ _ _ _ _ _ _ _ _ _ _ _ _ _ _ _ _ _ _ _ _ _ _ _ _ _ _ _ _ _ _ _ _ _ _ _ _ _ _ _ _ _ _ _ _ _ _ _ _ _ _ _ _ _ _ _ _ _ _ q . personally sell report & offshore business support services respond ads ? . ! is really two fold question . let 's talk selling report # 5599 first . is place ad , mail postcards send bulk email . place ad send respondent sales letter let sales letter rest - need talk anyone ! ! mail postcards bulk emailing job is done ! postcard ask respondent send $ 50 . 00 mailing address . email work send many . decide become offshore broker qualify receive over-rides commission offshore business support services parent company selling wish . is "" brainer "" simple complicated want . . . talk wish n't - report # 5599 sells itself ! q . many hours week devote business ? . one sixty hours week ! here 's question answer question . . . much money want ? common sense says ads run mailings money ! statistics show every 100 responses receive ads , mail sales letter , sell five ten reports making $ 250 . 00 $ 500 . 00 ( us ) . ad responses vary depending place advertise circulation publication . ads run emails send need devote home based business . q . much money need start home based business ? . $ 50 . 00 ! yeah - ' re thinking need money ads mailing . - ' ve had start $ 50 . 00 ( u . s ) ten copies report sold associates friends giving $ 500 . 00 ( us ) . gave enough money start running ads buy stamps . looking money making opportunities offered world today really n't started less $ 50 . 00 better legitimate money-making opportunity one offered report # 5599 ! q . additional questions answer ? . parent company ! package information , matter complete , possibly answer every question . want lose money seeking answers . want succeed ! receive phone number report # 5599 where either reach someone parent company question help need ! _ _ _ _ _ _ _ _ _ _ _ _ _ _ _ _ _ _ _ _ _ _ _ _ _ _ _ _ _ _ _ _ _ _ _ _ _ _ _ _ _ _ _ _ _ _ _ _ _ _ _ _ _ _ _ _ _ _ _ _ _ _ _ _ _ _ _ _ _ _ here 's valuable bonus ordering within 5 days . . . . 's absolutely free ! ! _ _ _ _ _ _ _ _ _ _ _ _ _ _ _ _ _ _ _ _ _ _ _ _ _ _ _ _ _ _ _ _ _ _ _ _ _ _ _ _ _ _ _ _ _ _ _ _ _ _ _ _ _ _ _ _ _ _ _ _ _ _ _ _ _ _ _ _ _ _ persuaded parent company - offshore financial services , ltd . - ofs offshore business journal - volume - free charge - bonus ordering report # 5599 within 5 days receiving email . receive journal send "" certificate registration "" found report . information journal is priceless found anywhere right here ! ! here 's sample information : bonus # 1 ofs 's offshore business journal > irs returns are suppose private - ! > funds through on-line computer services ! > raising capital without borrowing bank ! > medicines before ' re approved fda ! > airlines handle baggage special care secret ! > borrow money ira . n't call loan > free subscriptions over 60 magazines ! > establish aaa credit 30 days ! > why americans are mad hell ! > sources quick cash loans . bonus # 2 report # 5599 support package . > reach over 73 , 000 , 000 little 7 cents per word ! > set voice mail never talk anyone responds ads . > mailing list ? > receive free names mail . > mail postcards & sales flyers "" first class "" low 12 cents each - includes printing ! > collect $ 5 want receive sales letter ! bonus # 3 bulk - emailer 's dream package . ordering within next 5 days , receive floppy disk packed full online marketing tips two nation 's top electronic marketers . previously offered disk $ 79 . 95 , purchasing report # 5599 through special offer within next 5 days , yours free ! ! include another floppy disk over 150 hot money making reports sell together individually ! bulk - email has been proven most effective market internet . ordering within next 5 days ; include program collects names aol chat rooms maximum rate over 10 , 000 per hour ! ! receive high response rates marketing fresh names collected yourself . need is bulk-email program , receive link where download free fully working demonstration bulk - email program allow begin earning profits day receive package . need concerned losing isp show exactly send hundreds thousands emails per day while cloaking isp 's mail server identity same ! ! stop presses ! ! , ' m finished giving away free extras yet ! learned brand isp is offering free access ! ! ! 's right totally free unlimited internet access ! ! order is received via fax within next 24hrs tell sign free service is $ 240 / yr value order ! ! providing , success is guaranteed . receive offer again ; ordering report # 5599 within next 5 days above information yours measly us $ 50 . 00 . order today ! ! why am giving away much little ? question . . . is personal belief responsible hardworking person achieve financial security given proper opportunity information . . rich kept opportunities information themselves allow anyone us achieve unparalleled success easily . is why am giving away solid product , plus information needed successfully sell product , us $ 50 . 00 anyone enough interest patience read letter . sincerely , sponsor ofs independent associate risk free guarantee are completely satisfied after reading report # 5599 support package simply return both within 120 days full refund . questions asked . keep floppy disks , business journal dream package . nothing risk fortune . here 's risk free opportunity change financial situation forever ! ! { cut } = = = = = = = = = = = = = = = = = = = = = = = = = = = = = = = = = = = = = = = = = = = = = = = = = = = = = = = = = = special report # 5599 order form _ _ _ please rush copy ofs 's offshore special report # 5599 bonuses . understand full reprint rights sell report # 5599 $ 50 . 00 ( u . s . ) keeping money ! _ _ _ enclosed check / money order $ 50 . 00 please mail report ( please print clearly ) name : _ _ _ _ _ _ _ _ _ _ _ _ _ _ _ _ _ _ _ _ _ _ _ _ _ _ _ _ _ _ _ _ _ _ _ _ _ _ _ _ _ _ _ _ _ _ _ _ _ _ _ _ _ _ _ _ _ _ _ _ _ _ _ address : _ _ _ _ _ _ _ _ _ _ _ _ _ _ _ _ _ _ _ _ _ _ _ _ _ _ _ _ _ _ _ _ _ _ _ _ _ _ _ _ _ _ _ _ _ _ _ _ _ _ _ _ _ _ _ _ _ _ _ _ _ _ _ _ _ _ city : _ _ _ _ _ _ _ _ _ _ _ _ _ _ _ _ _ _ _ _ _ _ _ _ _ _ _ _ _ _ _ _ _ _ _ _ _ _ _ _ _ _ _ _ _ _ _ _ _ _ _ _ _ _ _ _ _ _ _ _ _ _ _ _ _ _ _ _ _ _ state : _ _ _ _ _ _ zip : _ _ _ _ _ _ _ _ _ _ _ _ _ _ _ _ phone : ( _ _ _ ) _ _ _ _ _ _ - _ _ _ _ _ _ _ _ _ _ _ fax : ( _ _ _ ) _ _ _ _ _ _ - _ _ _ _ _ _ _ _ _ _ _ email address _ _ _ _ _ _ _ _ _ _ _ _ _ _ _ _ _ _ _ _ _ _ _ _ _ _ _ mail form & check money order us $ 50 . 00 address below : dynamic communications p . o . box 373-356 decatur , ga 30037-3356 fax : ( 770 ) 234-4241 phone : ( 404 ) 274-8669 , prefer , pay faxing credit card information copy check number above along information requested order form . please note : ordering credit card sure include card type , number expiration date . after dialing prompted press 2 fax . sorry , report # 5599 is too big us email , send priority mail within 24 hrs receipt order . ",0
" advertisement message complies proposed united states federal requirements commercial email . additional information : e - mail address is list saying information type service . further mailings stopped cost sending reply remove subject . remove requests honored immediately outlined under murkowski bill . attempts cancel aforementioned email accounts result inability process remove requests , anyone else 's . please include addresses where receive email avoid receiving further mailings us . ~ ~ ~ ~ ~ ~ ~ ~ ~ ~ ~ ~ ~ ~ ~ ~ ~ ~ ~ ~ ~ ~ ~ ~ ~ ~ ~ ~ ~ ~ ~ ~ ~ ~ ~ ~ ~ ~ ~ ~ ~ ~ ~ ~ ~ ~ ~ ~ ~ ~ ~ ~ ~ ~ ~ ~ ~ ~ ~ ~ ~ ~ ~ ~ ~ ~ ~ ~ ~ ~ are haveing hard finding places credit card merchant card . are maybe help credit must us try . each card search hand starting town state . point browser http : / / www . creditime . com / deal ",0
